customerID,churn_pred,churn_proba
0001-TEST,1,0.7820188246522819
0002-TEST,1,0.6418302799172586
0003-TEST,0,0.0901132716173306
0004-TEST,0,0.21950584629171593
0005-TEST,1,0.9321613346159997
